Municipality,Amount,Amount per 100k
's-Gravenhage,27,5.0
's-Hertogenbosch,35,22.7
Aa en Hunze,0,0.0
Aalsmeer,4,12.6
Aalten,0,0.0
Achtkarspelen,0,0.0
Alblasserdam,2,10.0
Albrandswaard,4,15.8
Alkmaar,9,8.3
Almelo,2,2.7
Almere,5,2.4
Alphen aan den Rijn,10,9.0
Alphen-Chaam,6,59.1
Altena,19,34.3
Ameland,0,0.0
Amersfoort,30,19.2
Amstelveen,13,14.3
Amsterdam,85,9.8
Apeldoorn,11,6.8
Appingedam,0,0.0
Arnhem,10,6.3
Assen,0,0.0
Asten,2,12.0
Baarle-Nassau,0,0.0
Baarn,2,8.1
Barendrecht,4,8.2
Barneveld,6,10.4
Beek,3,18.8
Beekdaelen,18,50.4
Beemster,0,0.0
Beesel,0,0.0
Berg en Dal,18,51.7
Bergeijk,1,5.4
Bergen (L),1,7.6
Bergen (NH),4,13.3
Bergen op Zoom,6,9.0
Berkelland,1,2.3
Bernheze,30,97.4
Best,6,20.1
Beuningen,6,23.2
Beverwijk,6,14.6
Bladel,3,14.9
Blaricum,2,17.9
Bloemendaal,3,12.8
Bodegraven-Reeuwijk,1,2.9
Boekel,20,188.9
Borger-Odoorn,0,0.0
Borne,3,12.9
Borsele,3,13.2
Boxmeer,2,6.9
Boxtel,6,19.5
Breda,113,61.5
Brielle,1,5.8
Bronckhorst,3,8.3
Brummen,1,4.8
Brunssum,4,14.2
Bunnik,1,6.6
Bunschoten,0,0.0
Buren,5,18.8
Capelle aan den IJssel,2,3.0
Castricum,6,16.8
Coevorden,12,33.8
Cranendonck,6,29.4
Cuijk,4,16.0
Culemborg,4,14.0
Dalfsen,1,3.5
Dantumadiel,0,0.0
De Bilt,16,37.4
De Fryske Marren,5,9.7
De Ronde Venen,2,4.5
De Wolden,1,4.1
Delft,5,4.8
Delfzijl,0,0.0
Den Helder,2,3.6
Deurne,10,30.9
Deventer,5,5.0
Diemen,2,6.9
Dinkelland,8,30.4
Doesburg,1,9.0
Doetinchem,3,5.2
Dongen,5,19.2
Dordrecht,8,6.7
Drechterland,0,0.0
Drimmelen,13,47.9
Dronten,9,22.1
Druten,5,26.6
Duiven,2,7.9
Echt-Susteren,6,19.0
Edam-Volendam,3,8.3
Ede,5,4.3
Eemnes,1,11.0
Eersel,4,20.9
Eijsden-Margraten,4,15.6
Eindhoven,24,10.4
Elburg,1,4.3
Emmen,3,2.8
Enkhuizen,5,27.0
Enschede,7,4.4
Epe,4,12.1
Ermelo,8,29.8
Etten-Leur,14,32.0
Geertruidenberg,7,32.5
Geldrop-Mierlo,4,10.1
Gemert-Bakel,31,101.8
Gennep,4,23.4
Gilze en Rijen,5,18.9
Goeree-Overflakkee,8,16.1
Goes,3,8.0
Goirle,11,46.2
Gooise Meren,10,17.3
Gorinchem,1,2.7
Gouda,9,12.3
Grave,2,16.0
Groningen,23,9.9
Gulpen-Wittem,2,14.0
Haaksbergen,1,4.1
Haaren,9,63.4
Haarlem,10,6.2
Haarlemmermeer,5,3.2
Halderberge,2,6.6
Hardenberg,0,0.0
Harderwijk,5,10.5
Hardinxveld-Giessendam,5,27.7
Harlingen,1,6.3
Hattem,0,0.0
Heemskerk,3,7.7
Heemstede,5,18.3
Heerde,4,21.6
Heerenveen,0,0.0
Heerhugowaard,2,3.5
Heerlen,15,17.3
Heeze-Leende,4,25.1
Heiloo,3,12.8
Hellendoorn,2,5.6
Hellevoetsluis,1,2.5
Helmond,22,24.0
Hendrik-Ido-Ambacht,0,0.0
Hengelo (O),4,5.0
Het Hogeland,0,0.0
Heumen,6,36.4
Heusden,6,13.6
Hillegom,1,4.6
Hilvarenbeek,4,26.1
Hilversum,3,3.3
Hoeksche Waard,12,13.8
Hof van Twente,3,8.6
Hollands Kroon,3,6.3
Hoogeveen,3,5.4
Hoorn,2,2.7
Horst aan de Maas,10,23.6
Houten,17,34.1
Huizen,3,7.3
Hulst,0,0.0
IJsselstein,8,23.4
Kaag en Braassem,1,3.7
Kampen,2,3.7
Kapelle,2,15.6
Katwijk,2,3.1
Kerkrade,3,6.6
Koggenland,1,4.4
Krimpen aan den IJssel,2,6.8
Krimpenerwaard,5,8.9
Laarbeek,4,17.9
Landerd,18,115.9
Landgraaf,7,18.6
Landsmeer,3,26.1
Langedijk,4,14.3
Lansingerland,13,21.1
Laren,0,0.0
Leeuwarden,5,4.1
Leiden,12,9.6
Leiderdorp,2,7.4
Leidschendam-Voorburg,6,8.0
Lelystad,13,16.7
Leudal,13,36.4
Leusden,4,13.3
Lingewaard,5,10.8
Lisse,0,0.0
Lochem,1,3.0
Loon op Zand,11,47.2
Lopik,3,20.7
Loppersum,0,0.0
Losser,0,0.0
Maasdriel,1,4.0
Maasgouw,5,21.1
Maassluis,2,6.1
Maastricht,42,34.5
Medemblik,0,0.0
Meerssen,2,10.6
Meierijstad,72,89.1
Meppel,0,0.0
Middelburg,3,6.2
Midden-Delfland,1,5.2
Midden-Drenthe,1,3.0
Midden-Groningen,2,3.3
Mill en Sint Hubert,2,18.4
Moerdijk,2,5.4
Molenlanden,9,20.5
Montferland,1,2.8
Montfoort,0,0.0
Mook en Middelaar,1,12.8
Neder-Betuwe,4,16.6
Nederweert,7,41.2
Nieuwegein,6,9.5
Nieuwkoop,1,3.5
Nijkerk,2,4.7
Nijmegen,48,27.2
Nissewaard,7,8.3
Noardeast-Frysl�n,1,2.2
Noord-Beveland,0,0.0
Noordenveld,1,3.2
Noordoostpolder,2,4.3
Noordwijk,3,7.0
Nuenen. Gerwen en Nederwetten,1,4.3
Nunspeet,3,10.9
Oegstgeest,5,20.5
Oirschot,1,5.4
Oisterwijk,10,38.3
Oldambt,0,0.0
Oldebroek,5,21.2
Oldenzaal,3,9.4
Olst-Wijhe,0,0.0
Ommen,2,11.2
Oost Gelre,0,0.0
Oosterhout,9,16.2
Ooststellingwerf,0,0.0
Oostzaan,2,20.5
Opmeer,0,0.0
Opsterland,2,6.7
Oss,26,28.4
Oude IJsselstreek,2,5.1
Ouder-Amstel,3,21.6
Oudewater,2,19.6
Overbetuwe,11,23.1
Papendrecht,1,3.1
Peel en Maas,41,94.7
Pekela,1,8.2
Pijnacker-Nootdorp,11,20.2
Purmerend,7,8.7
Putten,2,8.3
Raalte,3,8.0
Reimerswaal,4,17.6
Renkum,8,25.6
Renswoude,0,0.0
Reusel-De Mierden,0,0.0
Rheden,4,9.2
Rhenen,0,0.0
Ridderkerk,1,2.2
Rijssen-Holten,0,0.0
Rijswijk,3,5.6
Roerdalen,1,4.9
Roermond,13,22.3
Roosendaal,7,9.1
Rotterdam,81,12.6
Rozendaal,2,120.9
Rucphen,2,8.9
Schagen,6,12.9
Scherpenzeel,0,0.0
Schiedam,2,2.6
Schiermonnikoog,0,0.0
Schouwen-Duiveland,2,5.9
Simpelveld,5,47.5
Sint Anthonis,8,68.9
Sint-Michielsgestel,10,34.5
Sittard-Geleen,51,55.0
Sliedrecht,1,4.0
Sluis,2,8.6
Smallingerland,3,5.4
Soest,13,28.1
Someren,3,15.5
Son en Breugel,5,29.6
Stadskanaal,0,0.0
Staphorst,2,11.8
Stede Broec,3,13.8
Steenbergen,4,16.0
Steenwijkerland,1,2.3
Stein,4,16.0
Stichtse Vecht,10,15.5
S�dwest-Frysl�n,2,2.2
Terneuzen,4,7.3
Terschelling,0,0.0
Texel,2,14.8
Teylingen,2,5.4
Tholen,2,7.8
Tiel,4,9.5
Tilburg,119,54.8
Tubbergen,3,14.1
Twenterand,0,0.0
Tynaarlo,4,11.9
Tytsjerksteradiel,1,3.1
Uden,60,143.6
Uitgeest,0,0.0
Uithoorn,2,6.8
Urk,4,19.3
Utrecht,83,23.5
Utrechtse Heuvelrug,8,16.2
Vaals,0,0.0
Valkenburg aan de Geul,2,12.1
Valkenswaard,1,3.2
Veendam,0,0.0
Veenendaal,2,3.0
Veere,1,4.6
Veldhoven,2,4.4
Velsen,4,5.9
Venlo,21,20.7
Venray,3,6.9
Vijfheerenlanden,7,12.6
Vlaardingen,4,5.5
Vlieland,0,0.0
Vlissingen,5,11.3
Voerendaal,3,24.1
Voorschoten,1,3.9
Voorst,1,4.1
Vught,8,30.3
Waadhoeke,0,0.0
Waalre,2,11.6
Waalwijk,13,26.9
Waddinxveen,3,10.6
Wageningen,1,2.6
Wassenaar,4,15.3
Waterland,7,40.4
Weert,0,0.0
Weesp,0,0.0
West Betuwe,8,15.8
West Maas en Waal,3,15.7
Westerkwartier,3,4.8
Westerveld,0,0.0
Westervoort,0,0.0
Westerwolde,0,0.0
Westland,7,6.4
Weststellingwerf,0,0.0
Westvoorne,3,20.5
Wierden,0,0.0
Wijchen,8,19.5
Wijdemeren,1,4.2
Wijk bij Duurstede,4,16.8
Winterswijk,0,0.0
Woensdrecht,0,0.0
Woerden,4,7.7
Wormerland,1,6.1
Woudenberg,2,15.2
Zaanstad,4,2.6
Zaltbommel,3,10.5
Zandvoort,1,5.9
Zeewolde,3,13.4
Zeist,12,18.8
Zevenaar,3,6.9
Zoetermeer,1,0.8
Zoeterwoude,0,0.0
Zuidplas,0,0.0
Zundert,6,27.8
Zutphen,1,2.1
Zwartewaterland,5,22.2
Zwijndrecht,6,13.4
Zwolle,16,12.5
Unknown,89,
